[{"model": "contenttypes.contenttype", "pk": 1, "fields": {"app_label": "admin", "model": "logentry"}}, {"model": "contenttypes.contenttype", "pk": 2, "fields": {"app_label": "auth", "model": "permission"}}, {"model": "contenttypes.contenttype", "pk": 3, "fields": {"app_label": "auth", "model": "group"}}, {"model": "contenttypes.contenttype", "pk": 4, "fields": {"app_label": "auth", "model": "user"}}, {"model": "contenttypes.contenttype", "pk": 5, "fields": {"app_label": "contenttypes", "model": "contenttype"}}, {"model": "contenttypes.contenttype", "pk": 6, "fields": {"app_label": "sessions", "model": "session"}}, {"model": "contenttypes.contenttype", "pk": 7, "fields": {"app_label": "coreapp", "model": "childactivity"}}, {"model": "contenttypes.contenttype", "pk": 8, "fields": {"app_label": "coreapp", "model": "composantrepas"}}, {"model": "contenttypes.contenttype", "pk": 9, "fields": {"app_label": "coreapp", "model": "crechechild"}}, {"model": "contenttypes.contenttype", "pk": 10, "fields": {"app_label": "coreapp", "model": "crecheprincipal"}}, {"model": "contenttypes.contenttype", "pk": 11, "fields": {"app_label": "coreapp", "model": "eventtype"}}, {"model": "contenttypes.contenttype", "pk": 12, "fields": {"app_label": "coreapp", "model": "loginaudit"}}, {"model": "contenttypes.contenttype", "pk": 13, "fields": {"app_label": "coreapp", "model": "module"}}, {"model": "contenttypes.contenttype", "pk": 14, "fields": {"app_label": "coreapp", "model": "webemailaudit"}}, {"model": "contenttypes.contenttype", "pk": 15, "fields": {"app_label": "coreapp", "model": "webuserdetail"}}, {"model": "contenttypes.contenttype", "pk": 16, "fields": {"app_label": "coreapp", "model": "webusers"}}, {"model": "contenttypes.contenttype", "pk": 17, "fields": {"app_label": "coreapp", "model": "usermodule"}}, {"model": "contenttypes.contenttype", "pk": 18, "fields": {"app_label": "coreapp", "model": "systemusereventtype"}}, {"model": "contenttypes.contenttype", "pk": 19, "fields": {"app_label": "coreapp", "model": "repas"}}, {"model": "contenttypes.contenttype", "pk": 20, "fields": {"app_label": "coreapp", "model": "event"}}, {"model": "contenttypes.contenttype", "pk": 21, "fields": {"app_label": "coreapp", "model": "emailschedule"}}, {"model": "contenttypes.contenttype", "pk": 22, "fields": {"app_label": "coreapp", "model": "dailychildreport"}}, {"model": "contenttypes.contenttype", "pk": 23, "fields": {"app_label": "coreapp", "model": "crecheparent"}}, {"model": "contenttypes.contenttype", "pk": 24, "fields": {"app_label": "coreapp", "model": "bill"}}, {"model": "sessions.session", "pk": "0i8upi22q2puv8bt969e2ymr8anfxgmo", "fields": {"session_data": "ZjQ5ODI3MjY0ZGIwMzc3N2RhMzdkYzVlMzhiMjEzZTU1MzliNmJlZDp7Il9jc3JmdG9rZW4iOiJ3bzFiejZMV3hISUZ4aVlsY3NLdFhGY0VrRlBBRDNia2ZOb0tGTU1wSXFRTnhOeUNKeW9idzN2cUs2VnBleHlnIiwiZXJyb3IiOiJQbGVhc2UgTG9naW4iLCJsb2dpbl9hdWRpdF9pZCI6MjIsInVzZXJfZGV0YWlsIjoiNiIsImZ1bGxfbmFtZSI6Im5hZGlhQHlhaG9vLmZyIiwiYWxsb3dlZF9tb2R1bGVzIjpbIntcInRleHRcIjogXCJVc2VyIE1hbmFnZW1lbnRcIiwgXCJoYW5kbGVyXCI6IFwiL3VzZXJcIiwgXCJpY29uXCI6IFwidXNlcnMucG5nXCIsIFwiZGVzY1wiOiBcIlVzZXJzXCJ9Iiwie1widGV4dFwiOiBcIlBhcmVudCBNYW5hZ2VtZW50XCIsIFwiaGFuZGxlclwiOiBcIi9wYXJlbnRcIiwgXCJpY29uXCI6IFwicGFyZW50cy5wbmdcIiwgXCJkZXNjXCI6IFwiUGFyZW50c1wifSIsIntcInRleHRcIjogXCJDaGlsZCBNYW5hZ2VtZW50XCIsIFwiaGFuZGxlclwiOiBcIi9jaGlsZFwiLCBcImljb25cIjogXCJjaGlsZHJlbi5wbmdcIiwgXCJkZXNjXCI6IFwiQ2hpbGRyZW5cIn0iLCJ7XCJ0ZXh0XCI6IFwiUmVwb3J0IE1hbmFnZW1lbnRcIiwgXCJoYW5kbGVyXCI6IFwiL3JlcG9ydFwiLCBcImljb25cIjogXCJyZXBvcnRzLnBuZ1wiLCBcImRlc2NcIjogXCJSZXBvcnRzXCJ9Iiwie1widGV4dFwiOiBcIkNvbnRlbnQgTWFuYWdlbWVudFwiLCBcImhhbmRsZXJcIjogXCIvY29udGVudFwiLCBcImljb25cIjogXCJjb250ZW50cy5wbmdcIiwgXCJkZXNjXCI6IFwiQ29udGVudHNcIn0iLCJ7XCJ0ZXh0XCI6IFwiQmlsbCBNYW5hZ2VtZW50XCIsIFwiaGFuZGxlclwiOiBcIi9iaWxsXCIsIFwiaWNvblwiOiBcImJpbGxzLnBuZ1wiLCBcImRlc2NcIjogXCJCaWxsc1wifSIsIntcInRleHRcIjogXCJFdmVudCBNYW5hZ2VtZW50XCIsIFwiaGFuZGxlclwiOiBcIi9ldmVudFwiLCBcImljb25cIjogXCJldmVudHMucG5nXCIsIFwiZGVzY1wiOiBcIkV2ZW50c1wifSIsIntcInRleHRcIjogXCJQcm9maWxlIE1hbmFnZW1lbnRcIiwgXCJoYW5kbGVyXCI6IFwiL3Byb2ZpbGVcIiwgXCJpY29uXCI6IFwicHJvZmlsZXMucG5nXCIsIFwiZGVzY1wiOiBcIlByb2ZpbGVcIn0iXSwidXNlciI6IntcInVpZFwiOiA2LCBcIm5hbWVcIjogXCJuYWRpYUB5YWhvby5mclwiLCBcInBhc3NfZmllbGRcIjogXCIkUyREby4uLnIuLi5BRzhIbzJJOUJGQmtXbVVVVlVTL3RMQnFGMk1aaVl6Mzk0Vnp6MjhoN3BvXCIsIFwibWFpbFwiOiBcIm5hZGlhQHlhaG9vLmZyXCIsIFwidGhlbWVcIjogXCJcIiwgXCJzaWduYXR1cmVcIjogXCJcIiwgXCJzaWduYXR1cmVfZm9ybWF0XCI6IFwiXCIsIFwiY3JlYXRlZFwiOiAxNTkwMTU4OTIzLCBcImFjY2Vzc1wiOiAwLCBcImxvZ2luXCI6IDAsIFwic3RhdHVzXCI6IDEsIFwidGltZXpvbmVcIjogXCJcIiwgXCJsYW5ndWFnZVwiOiBcIlwiLCBcImluaXRcIjogXCJcIiwgXCJkYXRhXCI6IFwiXCIsIFwicGljdHVyZVwiOiAwLCBcInV1aWRcIjogXCJcIn0ifQ==", "expire_date": "2020-06-08T19:43:56.147Z"}}, {"model": "sessions.session", "pk": "453nxjevy4kjsq0ajl0nuj84ol6uvqgp", "fields": {"session_data": "Y2QyNTQxNWQyZjVjMGNkNzg0NDJkYjA1YTkzYTUxNWUzMmQxNDEyNDp7Il9jc3JmdG9rZW4iOiJmZ29RVHd5Rjk4MTNTaXp3QTgzQURvaHJjREhGWEhRUUl2VkJsNmE1YlI3bWRONzdTVlh1bXFydE1seVRLN0tKIiwibG9naW5fYXVkaXRfaWQiOjI1LCJ1c2VyX2RldGFpbCI6IjUiLCJmdWxsX25hbWUiOiJqb2VsQHlhaG9vLmZyIiwiYWxsb3dlZF9tb2R1bGVzIjpbIntcInRleHRcIjogXCJVc2VyIE1hbmFnZW1lbnRcIiwgXCJoYW5kbGVyXCI6IFwiL3VzZXJcIiwgXCJpY29uXCI6IFwidXNlcnMucG5nXCIsIFwiZGVzY1wiOiBcIlVzZXJzXCJ9Iiwie1widGV4dFwiOiBcIlBhcmVudCBNYW5hZ2VtZW50XCIsIFwiaGFuZGxlclwiOiBcIi9wYXJlbnRcIiwgXCJpY29uXCI6IFwicGFyZW50cy5wbmdcIiwgXCJkZXNjXCI6IFwiUGFyZW50c1wifSIsIntcInRleHRcIjogXCJDaGlsZCBNYW5hZ2VtZW50XCIsIFwiaGFuZGxlclwiOiBcIi9jaGlsZFwiLCBcImljb25cIjogXCJjaGlsZHJlbi5wbmdcIiwgXCJkZXNjXCI6IFwiQ2hpbGRyZW5cIn0iLCJ7XCJ0ZXh0XCI6IFwiUmVwb3J0IE1hbmFnZW1lbnRcIiwgXCJoYW5kbGVyXCI6IFwiL3JlcG9ydFwiLCBcImljb25cIjogXCJyZXBvcnRzLnBuZ1wiLCBcImRlc2NcIjogXCJSZXBvcnRzXCJ9Iiwie1widGV4dFwiOiBcIkNvbnRlbnQgTWFuYWdlbWVudFwiLCBcImhhbmRsZXJcIjogXCIvY29udGVudFwiLCBcImljb25cIjogXCJjb250ZW50cy5wbmdcIiwgXCJkZXNjXCI6IFwiQ29udGVudHNcIn0iLCJ7XCJ0ZXh0XCI6IFwiQmlsbCBNYW5hZ2VtZW50XCIsIFwiaGFuZGxlclwiOiBcIi9iaWxsXCIsIFwiaWNvblwiOiBcImJpbGxzLnBuZ1wiLCBcImRlc2NcIjogXCJCaWxsc1wifSIsIntcInRleHRcIjogXCJFdmVudCBNYW5hZ2VtZW50XCIsIFwiaGFuZGxlclwiOiBcIi9ldmVudFwiLCBcImljb25cIjogXCJldmVudHMucG5nXCIsIFwiZGVzY1wiOiBcIkV2ZW50c1wifSIsIntcInRleHRcIjogXCJQcm9maWxlIE1hbmFnZW1lbnRcIiwgXCJoYW5kbGVyXCI6IFwiL3Byb2ZpbGVcIiwgXCJpY29uXCI6IFwicHJvZmlsZXMucG5nXCIsIFwiZGVzY1wiOiBcIlByb2ZpbGVcIn0iXSwidXNlciI6IntcInVpZFwiOiA1LCBcIm5hbWVcIjogXCJqb2VsQHlhaG9vLmZyXCIsIFwicGFzc19maWVsZFwiOiBcIiRTJEQxLy4uNC8uLmlQUHBqV29ETkwwL2RYY0p1THBnbW1SZVZjTGdDSkdxeC53S1g1SDVJWG9cIiwgXCJtYWlsXCI6IFwiam9lbEB5YWhvby5mclwiLCBcInRoZW1lXCI6IFwiXCIsIFwic2lnbmF0dXJlXCI6IFwiXCIsIFwic2lnbmF0dXJlX2Zvcm1hdFwiOiBcIlwiLCBcImNyZWF0ZWRcIjogMTU5MDAxMjE3MiwgXCJhY2Nlc3NcIjogMCwgXCJsb2dpblwiOiAwLCBcInN0YXR1c1wiOiAxLCBcInRpbWV6b25lXCI6IFwiXCIsIFwibGFuZ3VhZ2VcIjogXCJcIiwgXCJpbml0XCI6IFwiXCIsIFwiZGF0YVwiOiBcIlwiLCBcInBpY3R1cmVcIjogMCwgXCJ1dWlkXCI6IFwiXCJ9In0=", "expire_date": "2020-08-26T20:11:56.920Z"}}, {"model": "sessions.session", "pk": "n7sv9ycd5gcgv8ax4tx7sry3q9g6pb4p", "fields": {"session_data": "MTY1NGUzZDFmYmQ1NDQ1MzU5ZjgzYjZiZDI1YTYwNmI4MGFlMjE3Mzp7Il9jc3JmdG9rZW4iOiIyblFORzJuQXhZNzJ5Qlh0Z1hJSUZ0QU1WbGNZM3U0S0RyYTBhZEYwMUdtRDIxSlBBa1FmUjJxTHV5RUw0TGh2IiwibG9naW5fYXVkaXRfaWQiOjIzLCJ1c2VyIjoie1widWlkXCI6IDUsIFwibmFtZVwiOiBcImpvZWxAeWFob28uZnJcIiwgXCJwYXNzX2ZpZWxkXCI6IFwiJFMkRDEvLi40Ly4uaVBQcGpXb0ROTDAvZFhjSnVMcGdtbVJlVmNMZ0NKR3F4LndLWDVINUlYb1wiLCBcIm1haWxcIjogXCJqb2VsQHlhaG9vLmZyXCIsIFwidGhlbWVcIjogXCJcIiwgXCJzaWduYXR1cmVcIjogXCJcIiwgXCJzaWduYXR1cmVfZm9ybWF0XCI6IFwiXCIsIFwiY3JlYXRlZFwiOiAxNTkwMDEyMTcyLCBcImFjY2Vzc1wiOiAwLCBcImxvZ2luXCI6IDAsIFwic3RhdHVzXCI6IDEsIFwidGltZXpvbmVcIjogXCJcIiwgXCJsYW5ndWFnZVwiOiBcIlwiLCBcImluaXRcIjogXCJcIiwgXCJkYXRhXCI6IFwiXCIsIFwicGljdHVyZVwiOiAwLCBcInV1aWRcIjogXCJcIn0iLCJ1c2VyX2RldGFpbCI6IjUiLCJmdWxsX25hbWUiOiJqb2VsQHlhaG9vLmZyIiwiYWxsb3dlZF9tb2R1bGVzIjpbIntcInRleHRcIjogXCJVc2VyIE1hbmFnZW1lbnRcIiwgXCJoYW5kbGVyXCI6IFwiL3VzZXJcIiwgXCJpY29uXCI6IFwidXNlcnMucG5nXCIsIFwiZGVzY1wiOiBcIlVzZXJzXCJ9Iiwie1widGV4dFwiOiBcIlBhcmVudCBNYW5hZ2VtZW50XCIsIFwiaGFuZGxlclwiOiBcIi9wYXJlbnRcIiwgXCJpY29uXCI6IFwicGFyZW50cy5wbmdcIiwgXCJkZXNjXCI6IFwiUGFyZW50c1wifSIsIntcInRleHRcIjogXCJDaGlsZCBNYW5hZ2VtZW50XCIsIFwiaGFuZGxlclwiOiBcIi9jaGlsZFwiLCBcImljb25cIjogXCJjaGlsZHJlbi5wbmdcIiwgXCJkZXNjXCI6IFwiQ2hpbGRyZW5cIn0iLCJ7XCJ0ZXh0XCI6IFwiUmVwb3J0IE1hbmFnZW1lbnRcIiwgXCJoYW5kbGVyXCI6IFwiL3JlcG9ydFwiLCBcImljb25cIjogXCJyZXBvcnRzLnBuZ1wiLCBcImRlc2NcIjogXCJSZXBvcnRzXCJ9Iiwie1widGV4dFwiOiBcIkNvbnRlbnQgTWFuYWdlbWVudFwiLCBcImhhbmRsZXJcIjogXCIvY29udGVudFwiLCBcImljb25cIjogXCJjb250ZW50cy5wbmdcIiwgXCJkZXNjXCI6IFwiQ29udGVudHNcIn0iLCJ7XCJ0ZXh0XCI6IFwiQmlsbCBNYW5hZ2VtZW50XCIsIFwiaGFuZGxlclwiOiBcIi9iaWxsXCIsIFwiaWNvblwiOiBcImJpbGxzLnBuZ1wiLCBcImRlc2NcIjogXCJCaWxsc1wifSIsIntcInRleHRcIjogXCJFdmVudCBNYW5hZ2VtZW50XCIsIFwiaGFuZGxlclwiOiBcIi9ldmVudFwiLCBcImljb25cIjogXCJldmVudHMucG5nXCIsIFwiZGVzY1wiOiBcIkV2ZW50c1wifSIsIntcInRleHRcIjogXCJQcm9maWxlIE1hbmFnZW1lbnRcIiwgXCJoYW5kbGVyXCI6IFwiL3Byb2ZpbGVcIiwgXCJpY29uXCI6IFwicHJvZmlsZXMucG5nXCIsIFwiZGVzY1wiOiBcIlByb2ZpbGVcIn0iXX0=", "expire_date": "2020-06-25T17:56:20.580Z"}}, {"model": "sessions.session", "pk": "ymnvzkxpwy97k3equagoavt5l2denk53", "fields": {"session_data": "YjI4MTI3NTBiODI4NjMyNjE2ZWNkOGMxNDFjMDEzZmJkMjQ0MDlmNjp7Il9jc3JmdG9rZW4iOiJPb1ZsVXJLYzJ4cGJuY2V5ODFydVdqZWZ1UVB4WVFaN3M3Skgxc0NPQkpFM0dzWWFMdGxacG9CeVpnVzI2T2JoIiwibG9naW5fYXVkaXRfaWQiOjcsInVzZXJfZGV0YWlsIjoiMiIsImZ1bGxfbmFtZSI6ImQuemlnYW1hQHBpdm90YWNjZXNzLmNvbSIsImFsbG93ZWRfbW9kdWxlcyI6WyJ7XCJ0ZXh0XCI6IFwiVXNlciBNYW5hZ2VtZW50XCIsIFwiaGFuZGxlclwiOiBcIi91c2VyXCIsIFwiaWNvblwiOiBcInVzZXJzLnBuZ1wiLCBcImRlc2NcIjogXCJVc2Vyc1wifSIsIntcInRleHRcIjogXCJQYXJlbnQgTWFuYWdlbWVudFwiLCBcImhhbmRsZXJcIjogXCIvcGFyZW50XCIsIFwiaWNvblwiOiBcInBhcmVudHMucG5nXCIsIFwiZGVzY1wiOiBcIlBhcmVudHNcIn0iLCJ7XCJ0ZXh0XCI6IFwiQ2hpbGQgTWFuYWdlbWVudFwiLCBcImhhbmRsZXJcIjogXCIvY2hpbGRcIiwgXCJpY29uXCI6IFwiY2hpbGRyZW4ucG5nXCIsIFwiZGVzY1wiOiBcIkNoaWxkcmVuXCJ9Iiwie1widGV4dFwiOiBcIlJlcG9ydCBNYW5hZ2VtZW50XCIsIFwiaGFuZGxlclwiOiBcIi9yZXBvcnRcIiwgXCJpY29uXCI6IFwicmVwb3J0cy5wbmdcIiwgXCJkZXNjXCI6IFwiUmVwb3J0c1wifSIsIntcInRleHRcIjogXCJDb250ZW50IE1hbmFnZW1lbnRcIiwgXCJoYW5kbGVyXCI6IFwiL2NvbnRlbnRcIiwgXCJpY29uXCI6IFwiY29udGVudHMucG5nXCIsIFwiZGVzY1wiOiBcIkNvbnRlbnRzXCJ9Iiwie1widGV4dFwiOiBcIkJpbGwgTWFuYWdlbWVudFwiLCBcImhhbmRsZXJcIjogXCIvYmlsbFwiLCBcImljb25cIjogXCJiaWxscy5wbmdcIiwgXCJkZXNjXCI6IFwiQmlsbHNcIn0iLCJ7XCJ0ZXh0XCI6IFwiRXZlbnQgTWFuYWdlbWVudFwiLCBcImhhbmRsZXJcIjogXCIvZXZlbnRcIiwgXCJpY29uXCI6IFwiZXZlbnRzLnBuZ1wiLCBcImRlc2NcIjogXCJFdmVudHNcIn0iLCJ7XCJ0ZXh0XCI6IFwiUHJvZmlsZSBNYW5hZ2VtZW50XCIsIFwiaGFuZGxlclwiOiBcIi9wcm9maWxlXCIsIFwiaWNvblwiOiBcInByb2ZpbGVzLnBuZ1wiLCBcImRlc2NcIjogXCJQcm9maWxlXCJ9Il0sInVzZXIiOiJ7XCJ1aWRcIjogMiwgXCJuYW1lXCI6IFwiZC56aWdhbWFAcGl2b3RhY2Nlc3MuY29tXCIsIFwicGFzc19maWVsZFwiOiBcIiRTJERvLi4uci4uLnJhL250NkhRLkRCZG5mbW9KbmVYY2hWaktVQldpYzV2R0hFLy91Umoxd3RcIiwgXCJtYWlsXCI6IFwiZC56aWdhbWFAcGl2b3RhY2Nlc3MuY29tXCIsIFwidGhlbWVcIjogXCJcIiwgXCJzaWduYXR1cmVcIjogXCJcIiwgXCJzaWduYXR1cmVfZm9ybWF0XCI6IFwiXCIsIFwiY3JlYXRlZFwiOiAxNTg4NjkzNzkwLCBcImFjY2Vzc1wiOiAwLCBcImxvZ2luXCI6IDAsIFwic3RhdHVzXCI6IDEsIFwidGltZXpvbmVcIjogXCJcIiwgXCJsYW5ndWFnZVwiOiBcIlwiLCBcImluaXRcIjogXCJcIiwgXCJkYXRhXCI6IFwiXCIsIFwicGljdHVyZVwiOiAwLCBcInV1aWRcIjogXCJcIn0ifQ==", "expire_date": "2020-05-25T19:08:42.084Z"}}, {"model": "sessions.session", "pk": "zvpi05ml3pz0by84nxum2iqv575hp1f5", "fields": {"session_data": "NTRlNWU1MTNlN2Q3NTIzY2VmMzdhZTkxMjc3ODczZjliMDJkZDAxMDp7ImVycm9yIjoiUGxlYXNlIExvZ2luIiwiX2NzcmZ0b2tlbiI6Ik1BREQzV2V6WFVVSWVtWHlmTHF5NVJKbVRvMU02VmJhcVl0U3dnRGVKa1V5TEF2QjFMclVYNVVkNjZ2Sld2eEsiLCJsb2dpbl9hdWRpdF9pZCI6NCwidXNlciI6IntcInVpZFwiOiAxLCBcIm5hbWVcIjogXCJ6aWdkaWRpZXJAZ21haWwuY29tXCIsIFwicGFzc19maWVsZFwiOiBcIiRTJERwLi4ucy4uLnM5ci40WGtnZGpGV09IZXMwM2FaS3hFMHBaRWJSQ0tKVm1GN1lLSC9JUlBcIiwgXCJtYWlsXCI6IFwiemlnZGlkaWVyQGdtYWlsLmNvbVwiLCBcInRoZW1lXCI6IFwiXCIsIFwic2lnbmF0dXJlXCI6IFwiXCIsIFwic2lnbmF0dXJlX2Zvcm1hdFwiOiBcIlwiLCBcImNyZWF0ZWRcIjogMTU4ODY3MjcwMiwgXCJhY2Nlc3NcIjogMCwgXCJsb2dpblwiOiAwLCBcInN0YXR1c1wiOiAxLCBcInRpbWV6b25lXCI6IFwiXCIsIFwibGFuZ3VhZ2VcIjogXCJcIiwgXCJpbml0XCI6IFwiXCIsIFwiZGF0YVwiOiBcIlwiLCBcInBpY3R1cmVcIjogMCwgXCJ1dWlkXCI6IFwiXCJ9IiwidXNlcl9kZXRhaWwiOiIxIiwiZnVsbF9uYW1lIjoiemlnZGlkaWVyQGdtYWlsLmNvbSIsImFsbG93ZWRfbW9kdWxlcyI6WyJ7XCJ0ZXh0XCI6IFwiVXNlciBNYW5hZ2VtZW50XCIsIFwiaGFuZGxlclwiOiBcIi91c2VyXCIsIFwiaWNvblwiOiBcInVzZXJzLnBuZ1wiLCBcImRlc2NcIjogXCJVc2Vyc1wifSIsIntcInRleHRcIjogXCJQYXJlbnQgTWFuYWdlbWVudFwiLCBcImhhbmRsZXJcIjogXCIvcGFyZW50XCIsIFwiaWNvblwiOiBcInBhcmVudHMucG5nXCIsIFwiZGVzY1wiOiBcIlBhcmVudHNcIn0iLCJ7XCJ0ZXh0XCI6IFwiQ2hpbGQgTWFuYWdlbWVudFwiLCBcImhhbmRsZXJcIjogXCIvY2hpbGRcIiwgXCJpY29uXCI6IFwiY2hpbGRyZW4ucG5nXCIsIFwiZGVzY1wiOiBcIkNoaWxkcmVuXCJ9Iiwie1widGV4dFwiOiBcIlJlcG9ydCBNYW5hZ2VtZW50XCIsIFwiaGFuZGxlclwiOiBcIi9yZXBvcnRcIiwgXCJpY29uXCI6IFwicmVwb3J0cy5wbmdcIiwgXCJkZXNjXCI6IFwiUmVwb3J0c1wifSIsIntcInRleHRcIjogXCJDb250ZW50IE1hbmFnZW1lbnRcIiwgXCJoYW5kbGVyXCI6IFwiL2NvbnRlbnRcIiwgXCJpY29uXCI6IFwiY29udGVudHMucG5nXCIsIFwiZGVzY1wiOiBcIkNvbnRlbnRzXCJ9Iiwie1widGV4dFwiOiBcIkJpbGwgTWFuYWdlbWVudFwiLCBcImhhbmRsZXJcIjogXCIvYmlsbFwiLCBcImljb25cIjogXCJiaWxscy5wbmdcIiwgXCJkZXNjXCI6IFwiQmlsbHNcIn0iLCJ7XCJ0ZXh0XCI6IFwiRXZlbnQgTWFuYWdlbWVudFwiLCBcImhhbmRsZXJcIjogXCIvZXZlbnRcIiwgXCJpY29uXCI6IFwiZXZlbnRzLnBuZ1wiLCBcImRlc2NcIjogXCJFdmVudHNcIn0iLCJ7XCJ0ZXh0XCI6IFwiUHJvZmlsZSBNYW5hZ2VtZW50XCIsIFwiaGFuZGxlclwiOiBcIi9wcm9maWxlXCIsIFwiaWNvblwiOiBcInByb2ZpbGVzLnBuZ1wiLCBcImRlc2NcIjogXCJQcm9maWxlXCJ9Il19", "expire_date": "2020-05-22T12:53:54.733Z"}}, {"model": "coreapp.crechechild", "pk": 3, "fields": {"regno": "C00001", "names": "Mako Junior", "date_of_birth": "2018-01-08", "group": "Petit", "gender": "Male", "date_created": "2020-05-11T08:04:32.083Z", "last_updated": "2020-05-11T08:04:32.083Z"}}, {"model": "coreapp.crechechild", "pk": 4, "fields": {"regno": "C00004", "names": "Conde Richard", "date_of_birth": "2017-01-02", "group": "Grand", "gender": "Male", "date_created": "2020-05-11T08:39:34.133Z", "last_updated": "2020-05-11T08:39:34.133Z"}}, {"model": "coreapp.crechechild", "pk": 5, "fields": {"regno": "C00005", "names": "eddy Malou", "date_of_birth": "2019-08-02", "group": "Petit", "gender": "Male", "date_created": "2020-05-20T22:19:19.854Z", "last_updated": "2020-05-20T22:19:19.854Z"}}, {"model": "coreapp.crechechild", "pk": 6, "fields": {"regno": "C00006", "names": "claude", "date_of_birth": "2017-12-03", "group": "Grand", "gender": "Male", "date_created": "2020-05-22T14:27:20.571Z", "last_updated": "2020-05-22T14:27:20.571Z"}}, {"model": "coreapp.crechechild", "pk": 7, "fields": {"regno": "C00007", "names": "claude", "date_of_birth": "2017-12-03", "group": "Grand", "gender": "Male", "date_created": "2020-05-22T14:27:37.955Z", "last_updated": "2020-05-22T14:27:37.955Z"}}, {"model": "coreapp.crechechild", "pk": 8, "fields": {"regno": "C00008", "names": "eddy Malou", "date_of_birth": "2018-12-04", "group": "Petit", "gender": "Male", "date_created": "2020-05-22T15:11:31.296Z", "last_updated": "2020-05-22T15:11:31.296Z"}}, {"model": "coreapp.crechechild", "pk": 9, "fields": {"regno": "C00009", "names": "eddy Malou", "date_of_birth": "2018-12-04", "group": "Petit", "gender": "Male", "date_created": "2020-05-22T15:12:02.909Z", "last_updated": "2020-05-22T15:12:02.909Z"}}, {"model": "coreapp.crecheparent", "pk": 1, "fields": {"names": "Nadia ", "telephone": "0491527629", "identity_document": "1", "full_address": "route de la ville", "email": "('nadinecy@gmail.com',)", "relationship": "Mother", "date_created": "2020-05-11T08:04:32.192Z", "last_updated": "2020-05-20T22:19:19.820Z", "children": [3, 5]}}, {"model": "coreapp.crecheparent", "pk": 2, "fields": {"names": "Conde Bugingo", "telephone": "0788306327", "identity_document": "PC1278", "full_address": "Kizito Road", "email": "conde@gmail.com", "relationship": "Father", "date_created": "2020-05-11T08:39:34.226Z", "last_updated": "2020-05-11T08:39:34.226Z", "children": [4]}}, {"model": "coreapp.crecheparent", "pk": 3, "fields": {"names": "lili_ helou", "telephone": "0465897639", "identity_document": "3", "full_address": "", "email": "('lili@yahoo.fr',)", "relationship": "Mother", "date_created": "2020-05-22T14:27:20.581Z", "last_updated": "2020-05-22T14:27:37.926Z", "children": [6, 7]}}, {"model": "coreapp.crecheparent", "pk": 4, "fields": {"names": "mireille", "telephone": "0491527629", "identity_document": "4", "full_address": "val villers 6", "email": "('mireille@yahoo.fr',)", "relationship": "Mother", "date_created": "2020-05-22T15:11:31.303Z", "last_updated": "2020-05-22T15:12:02.882Z", "children": [8, 9]}}, {"model": "coreapp.crecheprincipal", "pk": 1, "fields": {"names": "liliane", "telephone": "0788660270", "identity_document": "1198680069759062", "full_address": "KG 689 ST\r\nGISOZI\r\nKACYIRU\r\nKIGALI\r\nRWANDA", "email": "d.zigama@pivotaccess.com", "role": "Accueillante", "date_created": "2020-05-07T19:45:13.092Z", "last_updated": "2020-05-07T19:45:13.092Z"}}, {"model": "coreapp.crecheprincipal", "pk": 2, "fields": {"names": "ndayi", "telephone": "0485256365", "identity_document": "7", "full_address": "rue de louvain 4 ", "email": "ndayi@yahoo.fr", "role": "Accueillante", "date_created": "2020-05-25T19:39:45.121Z", "last_updated": "2020-05-25T19:39:45.121Z"}}, {"model": "coreapp.composantrepas", "pk": 1, "fields": {"component_name": "Patte", "description": "Patte"}}, {"model": "coreapp.composantrepas", "pk": 2, "fields": {"component_name": "Modele", "description": "Modele"}}, {"model": "coreapp.composantrepas", "pk": 3, "fields": {"component_name": "Gateau", "description": "Gateau"}}, {"model": "coreapp.composantrepas", "pk": 4, "fields": {"component_name": "Pizza", "description": "Pizza"}}, {"model": "coreapp.composantrepas", "pk": 5, "fields": {"component_name": "Juice", "description": "Juice"}}, {"model": "coreapp.composantrepas", "pk": 6, "fields": {"component_name": "Milk", "description": "Milk"}}, {"model": "coreapp.composantrepas", "pk": 7, "fields": {"component_name": "Biscuit", "description": ""}}, {"model": "coreapp.composantrepas", "pk": 8, "fields": {"component_name": "Yogurt", "description": ""}}, {"model": "coreapp.composantrepas", "pk": 9, "fields": {"component_name": "beignet", "description": "au chocolat"}}, {"model": "coreapp.composantrepas", "pk": 11, "fields": {"component_name": "donut", "description": "au chocolat"}}, {"model": "coreapp.childactivity", "pk": 1, "fields": {"name": "Visit Park", "category": "Picnic", "unit_price": 15.0}}, {"model": "coreapp.childactivity", "pk": 2, "fields": {"name": "Visit Museum", "category": "Picnic", "unit_price": 10.25}}, {"model": "coreapp.childactivity", "pk": 3, "fields": {"name": "Dingo", "category": "Lecture", "unit_price": 0.0}}, {"model": "coreapp.childactivity", "pk": 4, "fields": {"name": "Pichou", "category": "Lecture", "unit_price": 0.0}}, {"model": "coreapp.childactivity", "pk": 5, "fields": {"name": "Scoobydo", "category": "Lecture", "unit_price": 0.0}}, {"model": "coreapp.childactivity", "pk": 6, "fields": {"name": "Chant", "category": "Art", "unit_price": 0.0}}, {"model": "coreapp.childactivity", "pk": 7, "fields": {"name": "Dessin", "category": "Art", "unit_price": 0.0}}, {"model": "coreapp.childactivity", "pk": 8, "fields": {"name": "Danse", "category": "Art", "unit_price": 0.0}}, {"model": "coreapp.loginaudit", "pk": 1, "fields": {"created_by_id": 1, "ip_address": "127.0.0.1", "logout_date": "2020-05-11T08:58:24.276Z", "date_created": "2020-05-07T11:20:45.034Z", "last_updated": null}}, {"model": "coreapp.loginaudit", "pk": 2, "fields": {"created_by_id": 1, "ip_address": "192.168.43.163", "logout_date": null, "date_created": "2020-05-07T13:23:17.307Z", "last_updated": null}}, {"model": "coreapp.loginaudit", "pk": 3, "fields": {"created_by_id": 1, "ip_address": "192.168.43.163", "logout_date": null, "date_created": "2020-05-07T19:48:50.824Z", "last_updated": null}}, {"model": "coreapp.loginaudit", "pk": 4, "fields": {"created_by_id": 1, "ip_address": "192.168.43.202", "logout_date": null, "date_created": "2020-05-08T12:53:54.565Z", "last_updated": null}}, {"model": "coreapp.loginaudit", "pk": 5, "fields": {"created_by_id": 2, "ip_address": "127.0.0.1", "logout_date": "2020-05-11T19:01:56.542Z", "date_created": "2020-05-11T08:58:29.625Z", "last_updated": null}}, {"model": "coreapp.loginaudit", "pk": 6, "fields": {"created_by_id": 1, "ip_address": "127.0.0.1", "logout_date": "2020-05-11T19:08:35.163Z", "date_created": "2020-05-11T19:02:40.249Z", "last_updated": null}}, {"model": "coreapp.loginaudit", "pk": 7, "fields": {"created_by_id": 2, "ip_address": "127.0.0.1", "logout_date": null, "date_created": "2020-05-11T19:08:41.871Z", "last_updated": null}}, {"model": "coreapp.loginaudit", "pk": 8, "fields": {"created_by_id": 4, "ip_address": "127.0.0.1", "logout_date": null, "date_created": "2020-05-20T21:48:46.706Z", "last_updated": null}}, {"model": "coreapp.loginaudit", "pk": 9, "fields": {"created_by_id": 4, "ip_address": "127.0.0.1", "logout_date": "2020-05-20T22:01:50.297Z", "date_created": "2020-05-20T22:01:34.217Z", "last_updated": null}}, {"model": "coreapp.loginaudit", "pk": 10, "fields": {"created_by_id": 5, "ip_address": "127.0.0.1", "logout_date": "2020-05-20T22:07:44.107Z", "date_created": "2020-05-20T22:03:17.053Z", "last_updated": null}}, {"model": "coreapp.loginaudit", "pk": 11, "fields": {"created_by_id": 4, "ip_address": "127.0.0.1", "logout_date": "2020-05-20T22:10:23.729Z", "date_created": "2020-05-20T22:10:01.640Z", "last_updated": null}}, {"model": "coreapp.loginaudit", "pk": 12, "fields": {"created_by_id": 5, "ip_address": "127.0.0.1", "logout_date": null, "date_created": "2020-05-20T22:10:37.850Z", "last_updated": null}}, {"model": "coreapp.loginaudit", "pk": 13, "fields": {"created_by_id": 4, "ip_address": "127.0.0.1", "logout_date": "2020-05-22T14:12:21.976Z", "date_created": "2020-05-22T14:12:04.395Z", "last_updated": null}}, {"model": "coreapp.loginaudit", "pk": 14, "fields": {"created_by_id": 5, "ip_address": "127.0.0.1", "logout_date": "2020-05-22T14:38:13.992Z", "date_created": "2020-05-22T14:12:45.293Z", "last_updated": null}}, {"model": "coreapp.loginaudit", "pk": 15, "fields": {"created_by_id": 5, "ip_address": "127.0.0.1", "logout_date": "2020-05-22T14:48:54.209Z", "date_created": "2020-05-22T14:38:47.209Z", "last_updated": null}}, {"model": "coreapp.loginaudit", "pk": 16, "fields": {"created_by_id": 6, "ip_address": "127.0.0.1", "logout_date": "2020-05-22T15:05:56.028Z", "date_created": "2020-05-22T14:49:26.687Z", "last_updated": null}}, {"model": "coreapp.loginaudit", "pk": 17, "fields": {"created_by_id": 4, "ip_address": "127.0.0.1", "logout_date": "2020-05-22T15:07:50.112Z", "date_created": "2020-05-22T15:07:23.255Z", "last_updated": null}}, {"model": "coreapp.loginaudit", "pk": 18, "fields": {"created_by_id": 5, "ip_address": "127.0.0.1", "logout_date": null, "date_created": "2020-05-22T15:08:47.558Z", "last_updated": null}}, {"model": "coreapp.loginaudit", "pk": 19, "fields": {"created_by_id": 4, "ip_address": "127.0.0.1", "logout_date": null, "date_created": "2020-05-25T18:51:55.175Z", "last_updated": null}}, {"model": "coreapp.loginaudit", "pk": 20, "fields": {"created_by_id": 5, "ip_address": "127.0.0.1", "logout_date": null, "date_created": "2020-05-25T18:52:57.943Z", "last_updated": null}}, {"model": "coreapp.loginaudit", "pk": 21, "fields": {"created_by_id": 6, "ip_address": "127.0.0.1", "logout_date": "2020-05-25T19:42:46.921Z", "date_created": "2020-05-25T19:10:15.330Z", "last_updated": null}}, {"model": "coreapp.loginaudit", "pk": 22, "fields": {"created_by_id": 6, "ip_address": "127.0.0.1", "logout_date": null, "date_created": "2020-05-25T19:43:56.082Z", "last_updated": null}}, {"model": "coreapp.loginaudit", "pk": 23, "fields": {"created_by_id": 5, "ip_address": "127.0.0.1", "logout_date": null, "date_created": "2020-06-11T17:56:20.470Z", "last_updated": null}}, {"model": "coreapp.loginaudit", "pk": 24, "fields": {"created_by_id": 4, "ip_address": "127.0.0.1", "logout_date": "2020-08-12T20:11:16.963Z", "date_created": "2020-08-12T17:56:25.494Z", "last_updated": null}}, {"model": "coreapp.loginaudit", "pk": 25, "fields": {"created_by_id": 5, "ip_address": "127.0.0.1", "logout_date": null, "date_created": "2020-08-12T20:11:56.846Z", "last_updated": null}}, {"model": "coreapp.module", "pk": 1, "fields": {"name": "user_mgmt", "display_name": "User Management", "handler": "/user", "icon_file": "users.png", "description": "Users"}}, {"model": "coreapp.module", "pk": 2, "fields": {"name": "parent_mgmt", "display_name": "Parent Management", "handler": "/parent", "icon_file": "parents.png", "description": "Parents"}}, {"model": "coreapp.module", "pk": 3, "fields": {"name": "child_mgmt", "display_name": "Child Management", "handler": "/child", "icon_file": "children.png", "description": "Children"}}, {"model": "coreapp.module", "pk": 4, "fields": {"name": "report_mgmt", "display_name": "Report Management", "handler": "/report", "icon_file": "reports.png", "description": "Reports"}}, {"model": "coreapp.module", "pk": 5, "fields": {"name": "content_mgmt", "display_name": "Content Management", "handler": "/content", "icon_file": "contents.png", "description": "Contents"}}, {"model": "coreapp.module", "pk": 6, "fields": {"name": "bill_mgmt", "display_name": "Bill Management", "handler": "/bill", "icon_file": "bills.png", "description": "Bills"}}, {"model": "coreapp.module", "pk": 7, "fields": {"name": "event_mgmt", "display_name": "Event Management", "handler": "/event", "icon_file": "events.png", "description": "Events"}}, {"model": "coreapp.module", "pk": 8, "fields": {"name": "profile_mgmt", "display_name": "Profile Management", "handler": "/profile", "icon_file": "profiles.png", "description": "Profile"}}, {"model": "coreapp.webusers", "pk": 1, "fields": {"name": "zigdidier@gmail.com", "pass_field": "$S$Dp...s...s9r.4XkgdjFWOHes03aZKxE0pZEbRCKJVmF7YKH/IRP", "mail": "zigdidier@gmail.com", "theme": "", "signature": "", "signature_format": "", "created": 1588672702, "access": 0, "login": 0, "status": 1, "timezone": "", "language": "", "init": "", "data": "", "picture": 0, "uuid": ""}}, {"model": "coreapp.webusers", "pk": 2, "fields": {"name": "d.zigama@pivotaccess.com", "pass_field": "$S$Do...r...ra/nt6HQ.DBdnfmoJneXchVjKUBWic5vGHE//uRj1wt", "mail": "d.zigama@pivotaccess.com", "theme": "", "signature": "", "signature_format": "", "created": 1588693790, "access": 0, "login": 0, "status": 1, "timezone": "", "language": "", "init": "", "data": "", "picture": 0, "uuid": ""}}, {"model": "coreapp.webusers", "pk": 3, "fields": {"name": "duwantwali@gmail.com", "pass_field": "$S$Do...r...Fjs7M0LkNdPYjpot8IDpOr./9Qy5HxRev1i68vs3XjH", "mail": "duwantwali@gmail.com", "theme": "", "signature": "", "signature_format": "", "created": 1588693944, "access": 0, "login": 0, "status": 1, "timezone": "", "language": "", "init": "", "data": "", "picture": 0, "uuid": ""}}, {"model": "coreapp.webusers", "pk": 4, "fields": {"name": "nadinecy@gmail.com", "pass_field": "$S$Do...r...wQGFk.dSEWGbhUPz9WqQRRJZM/tRMpOoX3PC54FuPmS", "mail": "nadinecy@gmail.com", "theme": "", "signature": "", "signature_format": "", "created": 1590011146, "access": 0, "login": 0, "status": 1, "timezone": "", "language": "", "init": "", "data": "", "picture": 0, "uuid": ""}}, {"model": "coreapp.webusers", "pk": 5, "fields": {"name": "joel@yahoo.fr", "pass_field": "$S$D1/..4/..iPPpjWoDNL0/dXcJuLpgmmReVcLgCJGqx.wKX5H5IXo", "mail": "joel@yahoo.fr", "theme": "", "signature": "", "signature_format": "", "created": 1590012172, "access": 0, "login": 0, "status": 1, "timezone": "", "language": "", "init": "", "data": "", "picture": 0, "uuid": ""}}, {"model": "coreapp.webusers", "pk": 6, "fields": {"name": "nadia@yahoo.fr", "pass_field": "$S$Do...r...AG8Ho2I9BFBkWmUUVUS/tLBqF2MZiYz394Vzz28h7po", "mail": "nadia@yahoo.fr", "theme": "", "signature": "", "signature_format": "", "created": 1590158923, "access": 0, "login": 0, "status": 1, "timezone": "", "language": "", "init": "", "data": "", "picture": 0, "uuid": ""}}, {"model": "coreapp.webusers", "pk": 7, "fields": {"name": "ndayi@yahoo.fr", "pass_field": "$S$D//..2/..8apMlahXHidyKeVgosUW.ImqezAtkNgvYTWtIQ7gUaG", "mail": "ndayi@yahoo.fr", "theme": "", "signature": "", "signature_format": "", "created": 1590435809, "access": 0, "login": 0, "status": 1, "timezone": "", "language": "", "init": "", "data": "", "picture": 0, "uuid": ""}}, {"model": "coreapp.webuserdetail", "pk": 1, "fields": {"user_id": 1, "full_name": "zigdidier@gmail.com", "description": "", "can_use_admin": 1, "alert_frequency": "never"}}, {"model": "coreapp.webuserdetail", "pk": 2, "fields": {"user_id": 2, "full_name": "d.zigama@pivotaccess.com", "description": "", "can_use_admin": 1, "alert_frequency": "never"}}, {"model": "coreapp.webuserdetail", "pk": 3, "fields": {"user_id": 3, "full_name": "duwantwali@gmail.com", "description": "", "can_use_admin": 0, "alert_frequency": "never"}}, {"model": "coreapp.webuserdetail", "pk": 4, "fields": {"user_id": 4, "full_name": "nadinecy@gmail.com", "description": "", "can_use_admin": 0, "alert_frequency": "never"}}, {"model": "coreapp.webuserdetail", "pk": 5, "fields": {"user_id": 5, "full_name": "joel@yahoo.fr", "description": "", "can_use_admin": 1, "alert_frequency": "never"}}, {"model": "coreapp.webuserdetail", "pk": 6, "fields": {"user_id": 6, "full_name": "nadia@yahoo.fr", "description": "", "can_use_admin": 1, "alert_frequency": "never"}}, {"model": "coreapp.webuserdetail", "pk": 7, "fields": {"user_id": 7, "full_name": "ndayi@yahoo.fr", "description": "", "can_use_admin": 1, "alert_frequency": "never"}}, {"model": "coreapp.usermodule", "pk": 1, "fields": {"module": 1, "system_user": 1}}, {"model": "coreapp.usermodule", "pk": 2, "fields": {"module": 2, "system_user": 1}}, {"model": "coreapp.usermodule", "pk": 3, "fields": {"module": 3, "system_user": 1}}, {"model": "coreapp.usermodule", "pk": 4, "fields": {"module": 4, "system_user": 1}}, {"model": "coreapp.usermodule", "pk": 5, "fields": {"module": 5, "system_user": 1}}, {"model": "coreapp.usermodule", "pk": 6, "fields": {"module": 6, "system_user": 1}}, {"model": "coreapp.usermodule", "pk": 7, "fields": {"module": 7, "system_user": 1}}, {"model": "coreapp.usermodule", "pk": 8, "fields": {"module": 8, "system_user": 1}}, {"model": "coreapp.usermodule", "pk": 9, "fields": {"module": 1, "system_user": 2}}, {"model": "coreapp.usermodule", "pk": 10, "fields": {"module": 2, "system_user": 2}}, {"model": "coreapp.usermodule", "pk": 11, "fields": {"module": 3, "system_user": 2}}, {"model": "coreapp.usermodule", "pk": 12, "fields": {"module": 4, "system_user": 2}}, {"model": "coreapp.usermodule", "pk": 13, "fields": {"module": 5, "system_user": 2}}, {"model": "coreapp.usermodule", "pk": 14, "fields": {"module": 6, "system_user": 2}}, {"model": "coreapp.usermodule", "pk": 15, "fields": {"module": 7, "system_user": 2}}, {"model": "coreapp.usermodule", "pk": 16, "fields": {"module": 8, "system_user": 2}}, {"model": "coreapp.usermodule", "pk": 17, "fields": {"module": 8, "system_user": 3}}, {"model": "coreapp.usermodule", "pk": 18, "fields": {"module": 8, "system_user": 4}}, {"model": "coreapp.usermodule", "pk": 19, "fields": {"module": 1, "system_user": 5}}, {"model": "coreapp.usermodule", "pk": 20, "fields": {"module": 2, "system_user": 5}}, {"model": "coreapp.usermodule", "pk": 21, "fields": {"module": 3, "system_user": 5}}, {"model": "coreapp.usermodule", "pk": 22, "fields": {"module": 4, "system_user": 5}}, {"model": "coreapp.usermodule", "pk": 23, "fields": {"module": 5, "system_user": 5}}, {"model": "coreapp.usermodule", "pk": 24, "fields": {"module": 6, "system_user": 5}}, {"model": "coreapp.usermodule", "pk": 25, "fields": {"module": 7, "system_user": 5}}, {"model": "coreapp.usermodule", "pk": 26, "fields": {"module": 8, "system_user": 5}}, {"model": "coreapp.usermodule", "pk": 27, "fields": {"module": 1, "system_user": 6}}, {"model": "coreapp.usermodule", "pk": 28, "fields": {"module": 2, "system_user": 6}}, {"model": "coreapp.usermodule", "pk": 29, "fields": {"module": 3, "system_user": 6}}, {"model": "coreapp.usermodule", "pk": 30, "fields": {"module": 4, "system_user": 6}}, {"model": "coreapp.usermodule", "pk": 31, "fields": {"module": 5, "system_user": 6}}, {"model": "coreapp.usermodule", "pk": 32, "fields": {"module": 6, "system_user": 6}}, {"model": "coreapp.usermodule", "pk": 33, "fields": {"module": 7, "system_user": 6}}, {"model": "coreapp.usermodule", "pk": 34, "fields": {"module": 8, "system_user": 6}}, {"model": "coreapp.usermodule", "pk": 35, "fields": {"module": 1, "system_user": 7}}, {"model": "coreapp.usermodule", "pk": 36, "fields": {"module": 2, "system_user": 7}}, {"model": "coreapp.usermodule", "pk": 37, "fields": {"module": 3, "system_user": 7}}, {"model": "coreapp.usermodule", "pk": 38, "fields": {"module": 4, "system_user": 7}}, {"model": "coreapp.usermodule", "pk": 39, "fields": {"module": 5, "system_user": 7}}, {"model": "coreapp.usermodule", "pk": 40, "fields": {"module": 6, "system_user": 7}}, {"model": "coreapp.usermodule", "pk": 41, "fields": {"module": 7, "system_user": 7}}, {"model": "coreapp.usermodule", "pk": 42, "fields": {"module": 8, "system_user": 7}}, {"model": "auth.permission", "pk": 1, "fields": {"name": "Can add log entry", "content_type": 1, "codename": "add_logentry"}}, {"model": "auth.permission", "pk": 2, "fields": {"name": "Can change log entry", "content_type": 1, "codename": "change_logentry"}}, {"model": "auth.permission", "pk": 3, "fields": {"name": "Can delete log entry", "content_type": 1, "codename": "delete_logentry"}}, {"model": "auth.permission", "pk": 4, "fields": {"name": "Can view log entry", "content_type": 1, "codename": "view_logentry"}}, {"model": "auth.permission", "pk": 5, "fields": {"name": "Can add permission", "content_type": 2, "codename": "add_permission"}}, {"model": "auth.permission", "pk": 6, "fields": {"name": "Can change permission", "content_type": 2, "codename": "change_permission"}}, {"model": "auth.permission", "pk": 7, "fields": {"name": "Can delete permission", "content_type": 2, "codename": "delete_permission"}}, {"model": "auth.permission", "pk": 8, "fields": {"name": "Can view permission", "content_type": 2, "codename": "view_permission"}}, {"model": "auth.permission", "pk": 9, "fields": {"name": "Can add group", "content_type": 3, "codename": "add_group"}}, {"model": "auth.permission", "pk": 10, "fields": {"name": "Can change group", "content_type": 3, "codename": "change_group"}}, {"model": "auth.permission", "pk": 11, "fields": {"name": "Can delete group", "content_type": 3, "codename": "delete_group"}}, {"model": "auth.permission", "pk": 12, "fields": {"name": "Can view group", "content_type": 3, "codename": "view_group"}}, {"model": "auth.permission", "pk": 13, "fields": {"name": "Can add user", "content_type": 4, "codename": "add_user"}}, {"model": "auth.permission", "pk": 14, "fields": {"name": "Can change user", "content_type": 4, "codename": "change_user"}}, {"model": "auth.permission", "pk": 15, "fields": {"name": "Can delete user", "content_type": 4, "codename": "delete_user"}}, {"model": "auth.permission", "pk": 16, "fields": {"name": "Can view user", "content_type": 4, "codename": "view_user"}}, {"model": "auth.permission", "pk": 17, "fields": {"name": "Can add content type", "content_type": 5, "codename": "add_contenttype"}}, {"model": "auth.permission", "pk": 18, "fields": {"name": "Can change content type", "content_type": 5, "codename": "change_contenttype"}}, {"model": "auth.permission", "pk": 19, "fields": {"name": "Can delete content type", "content_type": 5, "codename": "delete_contenttype"}}, {"model": "auth.permission", "pk": 20, "fields": {"name": "Can view content type", "content_type": 5, "codename": "view_contenttype"}}, {"model": "auth.permission", "pk": 21, "fields": {"name": "Can add session", "content_type": 6, "codename": "add_session"}}, {"model": "auth.permission", "pk": 22, "fields": {"name": "Can change session", "content_type": 6, "codename": "change_session"}}, {"model": "auth.permission", "pk": 23, "fields": {"name": "Can delete session", "content_type": 6, "codename": "delete_session"}}, {"model": "auth.permission", "pk": 24, "fields": {"name": "Can view session", "content_type": 6, "codename": "view_session"}}, {"model": "auth.permission", "pk": 25, "fields": {"name": "Can add child activity", "content_type": 7, "codename": "add_childactivity"}}, {"model": "auth.permission", "pk": 26, "fields": {"name": "Can change child activity", "content_type": 7, "codename": "change_childactivity"}}, {"model": "auth.permission", "pk": 27, "fields": {"name": "Can delete child activity", "content_type": 7, "codename": "delete_childactivity"}}, {"model": "auth.permission", "pk": 28, "fields": {"name": "Can view child activity", "content_type": 7, "codename": "view_childactivity"}}, {"model": "auth.permission", "pk": 29, "fields": {"name": "Can add composant repas", "content_type": 8, "codename": "add_composantrepas"}}, {"model": "auth.permission", "pk": 30, "fields": {"name": "Can change composant repas", "content_type": 8, "codename": "change_composantrepas"}}, {"model": "auth.permission", "pk": 31, "fields": {"name": "Can delete composant repas", "content_type": 8, "codename": "delete_composantrepas"}}, {"model": "auth.permission", "pk": 32, "fields": {"name": "Can view composant repas", "content_type": 8, "codename": "view_composantrepas"}}, {"model": "auth.permission", "pk": 33, "fields": {"name": "Can add creche child", "content_type": 9, "codename": "add_crechechild"}}, {"model": "auth.permission", "pk": 34, "fields": {"name": "Can change creche child", "content_type": 9, "codename": "change_crechechild"}}, {"model": "auth.permission", "pk": 35, "fields": {"name": "Can delete creche child", "content_type": 9, "codename": "delete_crechechild"}}, {"model": "auth.permission", "pk": 36, "fields": {"name": "Can view creche child", "content_type": 9, "codename": "view_crechechild"}}, {"model": "auth.permission", "pk": 37, "fields": {"name": "Can add creche principal", "content_type": 10, "codename": "add_crecheprincipal"}}, {"model": "auth.permission", "pk": 38, "fields": {"name": "Can change creche principal", "content_type": 10, "codename": "change_crecheprincipal"}}, {"model": "auth.permission", "pk": 39, "fields": {"name": "Can delete creche principal", "content_type": 10, "codename": "delete_crecheprincipal"}}, {"model": "auth.permission", "pk": 40, "fields": {"name": "Can view creche principal", "content_type": 10, "codename": "view_crecheprincipal"}}, {"model": "auth.permission", "pk": 41, "fields": {"name": "Can add event type", "content_type": 11, "codename": "add_eventtype"}}, {"model": "auth.permission", "pk": 42, "fields": {"name": "Can change event type", "content_type": 11, "codename": "change_eventtype"}}, {"model": "auth.permission", "pk": 43, "fields": {"name": "Can delete event type", "content_type": 11, "codename": "delete_eventtype"}}, {"model": "auth.permission", "pk": 44, "fields": {"name": "Can view event type", "content_type": 11, "codename": "view_eventtype"}}, {"model": "auth.permission", "pk": 45, "fields": {"name": "Can add login audit", "content_type": 12, "codename": "add_loginaudit"}}, {"model": "auth.permission", "pk": 46, "fields": {"name": "Can change login audit", "content_type": 12, "codename": "change_loginaudit"}}, {"model": "auth.permission", "pk": 47, "fields": {"name": "Can delete login audit", "content_type": 12, "codename": "delete_loginaudit"}}, {"model": "auth.permission", "pk": 48, "fields": {"name": "Can view login audit", "content_type": 12, "codename": "view_loginaudit"}}, {"model": "auth.permission", "pk": 49, "fields": {"name": "Can add module", "content_type": 13, "codename": "add_module"}}, {"model": "auth.permission", "pk": 50, "fields": {"name": "Can change module", "content_type": 13, "codename": "change_module"}}, {"model": "auth.permission", "pk": 51, "fields": {"name": "Can delete module", "content_type": 13, "codename": "delete_module"}}, {"model": "auth.permission", "pk": 52, "fields": {"name": "Can view module", "content_type": 13, "codename": "view_module"}}, {"model": "auth.permission", "pk": 53, "fields": {"name": "Can add web email audit", "content_type": 14, "codename": "add_webemailaudit"}}, {"model": "auth.permission", "pk": 54, "fields": {"name": "Can change web email audit", "content_type": 14, "codename": "change_webemailaudit"}}, {"model": "auth.permission", "pk": 55, "fields": {"name": "Can delete web email audit", "content_type": 14, "codename": "delete_webemailaudit"}}, {"model": "auth.permission", "pk": 56, "fields": {"name": "Can view web email audit", "content_type": 14, "codename": "view_webemailaudit"}}, {"model": "auth.permission", "pk": 57, "fields": {"name": "Can add web user detail", "content_type": 15, "codename": "add_webuserdetail"}}, {"model": "auth.permission", "pk": 58, "fields": {"name": "Can change web user detail", "content_type": 15, "codename": "change_webuserdetail"}}, {"model": "auth.permission", "pk": 59, "fields": {"name": "Can delete web user detail", "content_type": 15, "codename": "delete_webuserdetail"}}, {"model": "auth.permission", "pk": 60, "fields": {"name": "Can view web user detail", "content_type": 15, "codename": "view_webuserdetail"}}, {"model": "auth.permission", "pk": 61, "fields": {"name": "Can add web users", "content_type": 16, "codename": "add_webusers"}}, {"model": "auth.permission", "pk": 62, "fields": {"name": "Can change web users", "content_type": 16, "codename": "change_webusers"}}, {"model": "auth.permission", "pk": 63, "fields": {"name": "Can delete web users", "content_type": 16, "codename": "delete_webusers"}}, {"model": "auth.permission", "pk": 64, "fields": {"name": "Can view web users", "content_type": 16, "codename": "view_webusers"}}, {"model": "auth.permission", "pk": 65, "fields": {"name": "Can add user module", "content_type": 17, "codename": "add_usermodule"}}, {"model": "auth.permission", "pk": 66, "fields": {"name": "Can change user module", "content_type": 17, "codename": "change_usermodule"}}, {"model": "auth.permission", "pk": 67, "fields": {"name": "Can delete user module", "content_type": 17, "codename": "delete_usermodule"}}, {"model": "auth.permission", "pk": 68, "fields": {"name": "Can view user module", "content_type": 17, "codename": "view_usermodule"}}, {"model": "auth.permission", "pk": 69, "fields": {"name": "Can add system user event type", "content_type": 18, "codename": "add_systemusereventtype"}}, {"model": "auth.permission", "pk": 70, "fields": {"name": "Can change system user event type", "content_type": 18, "codename": "change_systemusereventtype"}}, {"model": "auth.permission", "pk": 71, "fields": {"name": "Can delete system user event type", "content_type": 18, "codename": "delete_systemusereventtype"}}, {"model": "auth.permission", "pk": 72, "fields": {"name": "Can view system user event type", "content_type": 18, "codename": "view_systemusereventtype"}}, {"model": "auth.permission", "pk": 73, "fields": {"name": "Can add repas", "content_type": 19, "codename": "add_repas"}}, {"model": "auth.permission", "pk": 74, "fields": {"name": "Can change repas", "content_type": 19, "codename": "change_repas"}}, {"model": "auth.permission", "pk": 75, "fields": {"name": "Can delete repas", "content_type": 19, "codename": "delete_repas"}}, {"model": "auth.permission", "pk": 76, "fields": {"name": "Can view repas", "content_type": 19, "codename": "view_repas"}}, {"model": "auth.permission", "pk": 77, "fields": {"name": "Can add event", "content_type": 20, "codename": "add_event"}}, {"model": "auth.permission", "pk": 78, "fields": {"name": "Can change event", "content_type": 20, "codename": "change_event"}}, {"model": "auth.permission", "pk": 79, "fields": {"name": "Can delete event", "content_type": 20, "codename": "delete_event"}}, {"model": "auth.permission", "pk": 80, "fields": {"name": "Can view event", "content_type": 20, "codename": "view_event"}}, {"model": "auth.permission", "pk": 81, "fields": {"name": "Can add email schedule", "content_type": 21, "codename": "add_emailschedule"}}, {"model": "auth.permission", "pk": 82, "fields": {"name": "Can change email schedule", "content_type": 21, "codename": "change_emailschedule"}}, {"model": "auth.permission", "pk": 83, "fields": {"name": "Can delete email schedule", "content_type": 21, "codename": "delete_emailschedule"}}, {"model": "auth.permission", "pk": 84, "fields": {"name": "Can view email schedule", "content_type": 21, "codename": "view_emailschedule"}}, {"model": "auth.permission", "pk": 85, "fields": {"name": "Can add daily child report", "content_type": 22, "codename": "add_dailychildreport"}}, {"model": "auth.permission", "pk": 86, "fields": {"name": "Can change daily child report", "content_type": 22, "codename": "change_dailychildreport"}}, {"model": "auth.permission", "pk": 87, "fields": {"name": "Can delete daily child report", "content_type": 22, "codename": "delete_dailychildreport"}}, {"model": "auth.permission", "pk": 88, "fields": {"name": "Can view daily child report", "content_type": 22, "codename": "view_dailychildreport"}}, {"model": "auth.permission", "pk": 89, "fields": {"name": "Can add creche parent", "content_type": 23, "codename": "add_crecheparent"}}, {"model": "auth.permission", "pk": 90, "fields": {"name": "Can change creche parent", "content_type": 23, "codename": "change_crecheparent"}}, {"model": "auth.permission", "pk": 91, "fields": {"name": "Can delete creche parent", "content_type": 23, "codename": "delete_crecheparent"}}, {"model": "auth.permission", "pk": 92, "fields": {"name": "Can view creche parent", "content_type": 23, "codename": "view_crecheparent"}}, {"model": "auth.permission", "pk": 93, "fields": {"name": "Can add bill", "content_type": 24, "codename": "add_bill"}}, {"model": "auth.permission", "pk": 94, "fields": {"name": "Can change bill", "content_type": 24, "codename": "change_bill"}}, {"model": "auth.permission", "pk": 95, "fields": {"name": "Can delete bill", "content_type": 24, "codename": "delete_bill"}}, {"model": "auth.permission", "pk": 96, "fields": {"name": "Can view bill", "content_type": 24, "codename": "view_bill"}}]